date,yt_pred_time_trend_1_dummy,yt_pred_time_trend_2_dummy,yt_pred_time_trend_3_dummy,yt_true,yt_pred_time_trend_3_fourier,yt_pred_mlp_8,yt_pred_stacked_mlp,yt_pred_d1d13_ar13,yt_pred_d1d12_mlp,yt_pred_mlp_20
1946-01-01,1095.0249999999992,1444.1986161805073,1197.389238901429,890,1138.240263583133,,,,,
1946-02-01,1077.3934210526309,1417.7272045877276,1182.2558001361897,992,1250.6692805200876,,,,,
1946-03-01,1214.0776315789465,1545.5715803337537,1321.1474334396944,979,1282.0046880942202,,,,,
1946-04-01,1322.1302631578938,1644.7843762768762,1431.1167703908923,959,1425.2150843147783,,,,,
1946-05-01,1385.0249999999992,1698.8392767431899,1495.637495200308,1110,1564.724162238021,,,,,
1946-06-01,1539.4986842105254,1844.473122881762,1651.4464499732067,1546,1531.931914667873,,,,,
1946-07-01,1929.709210526315,2225.843808421344,2042.7015294464295,1539,2199.885663947841,,,,,
1946-08-01,3034.4986842105254,3321.7934352765697,3148.244838883134,3401,2989.310342888406,,,,,
1946-09-01,2284.709210526315,2563.1641266766196,2398.9184835464775,2092,2535.851832234696,,,,,
1946-10-01,1815.6565789473675,2085.2716571629962,1930.0382529101462,1436,1845.1812415880088,,,,,
1946-11-01,1636.130263157894,1896.9055003584456,1750.3936206583494,1301,1778.8667492289217,,,,,
1946-12-01,1397.6039473684202,1649.5393429107253,1511.4582710016127,1287,1539.9901752271892,,,,,
1947-01-01,1220.8175438596481,1464.4041988594968,1362.532522178092,1488,1302.4547672028698,,,,,
1947-02-01,1203.1859649122798,1438.9149915567698,1344.9249807775216,1517,1412.430127355236,1260.8287581197692,1288.0762595316676,,,1281.9021896912836
1947-03-01,1339.8701754385957,1567.7415715928482,1481.374813379577,1707,1441.3439891327469,1360.020366506708,1172.2996518486048,,,1313.1376027200058
1947-04-01,1447.922807017543,1667.9365718260235,1588.9346515632083,1729,1582.16495054465,1434.9276830258302,1202.4958701175592,,,1485.112620413959
1947-05-01,1510.8175438596481,1722.9736765823898,1651.0781795389391,1788,1719.316704647204,1488.1159796137486,1127.4348991958093,,,1568.5698677553894
1947-06-01,1665.2912280701746,1869.5897270110145,1804.542239412035,2008,1684.1992442443338,1665.9033804755445,1746.0124267289505,,,1647.6433528180376
1947-07-01,2055.501754385964,2251.9426168406494,2193.4847259193375,2203,2349.8598916795463,1959.1560238786856,1932.928408866744,,,2216.796457109126
1947-08-01,3160.291228070175,3348.874447985927,3296.747744324003,3713,3137.023579763324,2746.777458137373,2804.3869410494376,,,2595.183088022011
1947-09-01,2410.501754385964,2591.22734367603,2545.1733998891905,2946,2681.336189240792,2630.703128844553,2593.17898483873,,,2696.793613652224
1947-10-01,1941.4491228070167,2114.317078452459,2074.077482088585,2082,1988.4688297132493,2093.597527732729,2120.062728799106,,,2269.8246991528868
1947-11-01,1761.9228070175432,1926.933125937961,1892.249464606396,2033,1919.9896794612728,1741.766661419351,1644.5161614437147,,,1708.20289502106
1947-12-01,1523.3964912280694,1680.5491727802935,1651.1630316531493,1937,1678.9805585546192,1677.8859347553466,1292.796390234823,,,1587.2391444045031
1948-01-01,1346.6100877192973,1496.3962330191175,1500.118501467001,1711,1439.3447146133444,1753.5357886832237,1435.934752864055,,,1606.3564430542513
1948-02-01,1328.978508771929,1471.889230006443,1480.4244806376846,1775,1547.251749836722,1739.437567935572,1697.1590133981103,,,1683.3625520065968
1948-03-01,1465.6627192982446,1601.698014332574,1614.8201357448766,1902,1574.129397673211,1888.1827194795085,1776.2911178614092,1972.255844928933,2043.8798709037624,1793.508019154389
1948-04-01,1573.7153508771921,1702.8752188558021,1720.3580983675258,1846,1712.946256132059,1983.316236258442,1693.1649894795612,1965.2077776186552,2002.8798709037624,1931.8888588770203
1948-05-01,1636.6100877192973,1758.894527902221,1780.5120527161575,2083,1848.1260182695248,1983.9057651298167,1695.7562588303635,2015.5355067383657,1983.8798709037624,1945.3271091370368
1948-06-01,1791.0837719298238,1906.4927826208982,1932.0188408960362,2262,1811.0686768895323,2158.2066304630985,2132.622024810732,2424.4744858631075,2381.879870903762,2086.684162997031
1948-07-01,2181.2942982456134,2289.8278767405855,2319.036357644003,2193,2474.82155433559,2554.7160044305524,2422.1585405129927,2359.073541826468,2535.879870903762,2622.4663391409126
1948-08-01,3286.083771929824,3387.7419121759162,3420.406708223216,3792,3260.1095834181788,3127.638201003202,3058.829837272531,3968.045416737956,3781.879870903762,2905.2615456641847
1948-09-01,2536.2942982456134,2631.0770121560718,2666.9719978968324,2343,2802.5786448824247,3252.58707489919,3108.4613846646225,2808.073884261493,3103.879870903762,3110.444207604689
1948-10-01,2067.241666666666,2155.148951222553,2194.0480161385376,2313,2107.899848329628,2329.5981921141965,2324.340233274807,1778.0672838479368,1557.879870903762,2367.70687390563
1948-11-01,1887.7153508771921,1968.7472029981077,2010.424236632542,2179,2037.6413720403625,2212.224623916176,2105.2168507115884,2014.340903926257,2342.879870903762,2120.2661463016825
1948-12-01,1649.1890350877184,1723.3454541304927,1767.5743435893705,1975,1794.8850360843865,2040.1687921261075,1748.5394227288243,2064.639740338307,2161.879870903762,1950.777408792744
1949-01-01,1472.4026315789465,1540.1747186593693,1614.7986552471796,1880,1553.5340880817564,1933.9856433428845,1700.1070700894186,1946.737616686484,1827.8798709037624,1794.8885336203723
1949-02-01,1454.7710526315782,1516.6499199367477,1593.405778195703,1930,1659.7581302317456,1924.142354971164,1891.9167268764031,1920.0382763384189,2022.8798709037624,1907.601958585646
1949-03-01,1591.4552631578938,1647.4409085529314,1726.1348790146167,2060,1684.9848959828128,2053.185689511821,1877.9953113659617,1982.7815379669228,2135.8798709037624,1920.8865690459468
1949-04-01,1699.507894736841,1749.6003173662118,1830.0385892828697,1843,1822.1829833442048,2121.5484272168123,1875.2715768436888,2044.2205330800784,2082.8798709037624,2107.6957983220705
1949-05-01,1762.4026315789465,1806.6018307026832,1888.5905932109872,2052,1955.7760853721825,2138.687668806007,1905.3421802619364,2085.3814693783934,2158.8798709037624,2072.1573824004427
1949-06-01,1916.8763157894728,1955.1822897114132,2038.5277329042337,2039,1917.1641948706688,2266.962148436801,2270.9909097856057,2220.651094997744,2309.879870903762,2144.6585139860904
1949-07-01,2307.0868421052623,2339.499588121153,2424.007903099451,2351,2579.39463418317,2466.5137574813493,2250.106400967279,2249.044692701502,2048.879870903762,2548.106947716385
1949-08-01,3411.8763157894728,3438.395827846536,3523.873209059796,3394,3363.1923361201707,3112.6185945619177,3086.475699791212,3762.607581117477,4028.879870903762,2821.304330157549
1949-09-01,2662.0868421052623,2682.7131321167444,2768.9657560484266,3581,2904.203181426795,2846.6459543004894,2729.1471081932914,2548.4353384914266,2023.879870903762,2842.691283867594
1949-10-01,2193.034210526315,2207.7672754732785,2294.6013335390285,2489,2208.0982797043425,2984.594223440351,2855.27036322904,2640.605934145344,3629.879870903762,2971.074113438226
1949-11-01,2013.5078947368413,2022.3477315388857,2109.569415215811,2468,2136.445809233389,2447.210598083738,2375.26492828082,2469.6987478975752,2433.879870903762,2395.944920561952
1949-12-01,1774.9815789473676,1777.9281869613233,1865.3436852893008,2134,1892.327590083691,2239.320614258432,1949.118997365524,2226.1934964846605,2342.879870903762,2100.4648064569656
1950-01-01,1598.1951754385955,1595.7396557802526,1711.2244619976525,1903,1649.6468698753056,2070.482450931117,1749.1573371092868,2046.4588016074365,2117.8798709037624,1931.5335916307256
1950-02-01,1580.5635964912271,1573.1970613476833,1688.5203519306006,1719,1754.5732508075062,2033.956729961612,1904.5861866996213,1992.470344726052,2031.8798709037624,1918.891833712608
1950-03-01,1717.247807017543,1704.9702542539198,1819.9705216678212,1617,1778.5344663287513,2029.406107196108,1961.463906145873,2074.5844593709207,1927.8798709037624,1890.920091093948
1950-04-01,1825.3004385964903,1808.1118673572528,1922.6276027882634,1818,1914.4991144482888,1992.4547221399064,1684.688540677444,1683.141804259445,1478.8798709037624,1858.5546988592885
1950-05-01,1888.1951754385955,1866.0955849837767,1979.9652795024522,2067,2046.8908882223773,2110.0116713746493,1812.65659019728,1980.5450024229017,2105.8798709037624,2016.745031436748
1950-06-01,2042.668859649122,2015.6582482825593,2128.720393915652,2457,2007.109780454941,2224.1421048950897,2083.9487859631568,2195.699723519924,2132.879870903762,2151.2443161692463
1950-07-01,2432.8793859649113,2400.957750982352,2513.050840764705,2600,2668.203113489488,2698.725168540336,2610.4808371638,2317.670010183856,2847.879870903762,2696.5918807085427
1950-08-01,3537.668859649122,3500.836194997788,3611.7987253127676,3530,3450.8958201364994,3306.456967995082,3132.5648938290583,3950.114521213785,3721.879870903762,3160.723377124519
1950-09-01,2787.8793859649113,2746.1357035580486,2855.806152822998,2693,2990.8337811411016,3577.912782447563,3430.434535972924,2955.789534250798,3795.879870903762,3321.106478685009
1950-10-01,2318.8267543859643,2272.172051204635,2380.388912769081,2448,2293.688106104594,2725.543317076077,2635.512150166266,2185.362043995555,1679.879870903762,2685.5449643657103
1950-11-01,2139.3004385964905,2087.734711560295,2194.336478835228,2250,2221.026973307552,2495.2768998701727,2396.896972220887,2356.6332822085787,2505.879870903762,2357.483862600639
1950-12-01,1900.7741228070167,1844.297371272785,1949.1225352319632,1972,1975.932202819732,2192.076661085717,1971.206384954336,2083.927275864969,1994.879870903762,2089.6464734656206
1951-01-01,1723.9877192982447,1663.091044381767,1794.047400197443,1682,1732.307042261191,2002.6536193907416,1783.0878440838892,1834.4339849892567,1819.8798709037624,1854.9136957927835
1951-02-01,1706.3561403508763,1641.5306542392505,1770.4196803214018,1730,1836.321093831204,1840.204670666564,1701.397576471759,1632.1512663734024,1576.8798709037624,1715.6089244394584
1951-03-01,1843.040350877192,1774.2860514355393,1900.9785421835143,1814,1859.4020909782264,1878.897587188282,1612.1059380812987,1650.0431531642243,1706.8798709037624,1734.352999963237
1951-04-01,1951.0929824561395,1878.409868828925,2002.7766173627313,1900,1994.5186317115088,2021.3924378814413,1765.9025709790635,1735.5211881898458,2093.8798709037624,1956.1054415010344
1951-05-01,2013.9877192982447,1937.3757907455017,2059.2875900695763,2051,2126.094409087308,2188.512920383572,1986.758955106384,2059.432309280204,2227.8798709037624,2140.956967707928
1951-06-01,2168.461403508771,2087.9206583343366,2207.248302409315,2290,2085.5294159095506,2435.181010205792,2401.6011572792167,2243.0639720915115,2519.879870903762,2346.4563354786246
1951-07-01,2558.6719298245607,2474.202365324182,2590.8166491187885,2599,2745.870974521742,2744.4341156470264,2567.553110175609,2505.690404479523,2511.879870903762,2727.7938339882853
1951-08-01,3663.461403508771,3575.0630136296704,3688.834735461154,3428,3527.844017734365,3174.0527430359903,3087.5658758907,3447.2218188010147,3607.879870903762,2954.8628961100244
1951-09-01,2913.6719298245607,2821.3447264799834,2932.1446666995694,2262,3067.094426292545,3072.884291689687,2951.827483933006,3216.806776688809,2669.879870903762,2995.05363310606
1951-10-01,2444.619298245613,2348.363278416623,2456.06223230772,2242,2369.293309797582,2483.550921091401,2473.714213768137,2018.596594080968,2095.879870903762,2445.720358607812
1951-11-01,2265.0929824561395,2164.9081430623355,2269.3769059698157,2103,2296.0088465300514,2264.6624653623826,2121.647643095315,1945.350122515054,2122.879870903762,2145.563736357104
1951-12-01,2026.5666666666657,1922.4530070648782,2023.562371896383,1825,2050.322856559709,2022.9634877172048,1767.0494582589138,1810.473888536565,1903.879870903762,1920.7919159004323
1952-01-01,1849.7802631578938,1742.2288844639127,1867.918948325576,1670,1806.1385875066128,1861.170430536143,1680.8246884605755,1564.454436928192,1613.8798709037624,1738.1882775571437
1952-02-01,1832.1486842105255,1721.6506986114487,1843.75524184713,1681,1909.6256415700368,1841.209893817581,1762.3701941924594,1574.520393196577,1796.8798709037624,1771.387738528357
1952-03-01,1968.8328947368411,1855.3883000977903,1973.8104190407207,1713,1932.211752198438,1931.9919983673324,1701.1180358040058,1586.8698042319584,1843.8798709037624,1808.5134363893385
1952-04-01,2076.8855263157884,1960.4943217812286,2075.1371114852973,1954,2066.8655174010646,1986.95592812284,1754.9390850293823,1792.4934808245737,1877.8798709037624,1938.7008549197265
1952-05-01,2139.780263157894,2020.4424479878578,2131.209003391384,1876,2198.010630234176,2135.943013850513,1984.3090545228729,2064.0757810885334,2183.8798709037624,2095.310742146718
1952-06-01,2294.25394736842,2171.9695198667455,2278.762936864247,2272,2157.0470835016963,2269.715557738094,2284.2902773060905,2292.972049805392,2193.879870903762,2225.925313968601
1952-07-01,2684.4644736842097,2559.2334311466434,2661.956806640726,2612,2817.0221995471325,2684.39435850522,2525.402249487899,2496.1662001117747,2659.879870903762,2688.448751118591
1952-08-01,3789.25394736842,3661.0762837421844,3759.6327179839805,3590,3598.660911180966,3034.7348630131014,2982.9733062948367,3402.31706455876,3519.879870903762,2831.033719541931
1952-09-01,3039.4644736842097,2908.34020088255,3002.6327761571656,2496,3137.6090991483247,2886.170529707978,2776.7532383512985,2527.949162726716,2502.879870903762,2890.4662502554183
1952-10-01,2570.4118421052626,2436.340957109242,2526.2727706339692,2441,2439.5378730505063,2457.412065039796,2456.9274381954974,2391.274556499628,2554.879870903762,2474.228246233793
1952-11-01,2390.885526315789,2253.8680260450074,2339.342175098599,2340,2366.0154111680868,2268.8184241257363,2119.060546452782,2195.558485689039,2380.879870903762,2159.9007700492693
1952-12-01,2152.359210526315,2012.3950943376026,2093.3146737615825,2090,2120.123533570823,2050.985174066736,1766.710690535487,2020.759905111632,2140.879870903762,1980.0545780924067
1953-01-01,1975.5728070175428,1833.1531760266896,1937.4905848610747,1812,1875.765487878772,1941.240382367185,1742.263999170061,1841.8684165104205,2013.8798709037624,1826.5462085432323
1953-02-01,1957.9412280701745,1813.5571944642784,1913.1785149868097,1788,1979.1108762912063,1874.6076359552203,1803.8954763219035,1852.2640728521565,1901.8798709037624,1792.6416950493383
1953-03-01,2094.6254385964903,1948.2770002406724,2043.1176307184635,1837,2001.587432256585,1953.9523878268487,1675.7432857507474,1915.4649992257189,1898.8798709037624,1829.5001823354023
1953-04-01,2202.678070175438,2054.365226214163,2144.360563634985,1993,2136.163753784157,2052.159336276747,1784.7165057326556,2021.0194374229973,2156.8798709037624,1960.025299449114
1953-05-01,2265.572807017543,2115.295556710845,2200.3809979468992,2021,2267.26353393018,2106.013694969407,1893.142197179378,2065.683179986679,1993.8798709037624,2056.2288893694144
1953-06-01,2420.0464912280695,2267.8048328797854,2347.915775759471,2199,2226.2867654985776,2347.070659818836,2328.194353580233,2381.239722657476,2495.879870903762,2281.4199313835547
1953-07-01,2810.2570175438586,2656.050948449736,2731.122791809542,2622,2886.2807708328583,2725.7064562485552,2533.1301527249866,2609.9441725559764,2617.879870903762,2709.256614399877
1953-08-01,3915.0464912280695,3758.8760053353294,3828.84415136027,3787,3667.970482743504,3177.812773310017,3075.5818198929765,3529.749554751544,3678.879870903762,2928.4745375443604
1953-09-01,3165.2570175438586,3007.122126765748,3071.9219596748108,2914,3207.00178197564,3138.628777513312,2971.032909062935,2554.2235968120904,2771.879870903762,3090.034373960072
1953-10-01,2696.204385964911,2536.1050872824926,2595.672006226852,2487,2509.0457781305663,2807.7356996866624,2770.294400808906,2726.686745161452,2937.879870903762,2784.74932819518
1953-11-01,2516.678070175438,2354.6143605083103,2408.883764700602,2314,2435.670649488858,2485.07049089587,2354.200606006341,2482.9406570020947,2464.879870903762,2360.5546262966795
1953-12-01,2278.151754385964,2114.1236330909583,2163.0309193065877,2139,2189.958216120272,2199.950082345504,1881.5053701419067,2056.640816530725,2142.879870903762,2061.499369744628
1954-01-01,2101.365350877192,1935.8639190700978,2007.413788282964,2124,1945.8117256448656,2028.901301617407,1766.8057646248608,1891.643382800355,1939.8798709037624,1885.2009877886176
1954-02-01,2083.733771929824,1917.2501417977392,1983.3409782194651,2214,2049.400780261912,2033.03707997002,1971.9656573450216,2047.092538308435,2178.8798709037624,1969.056004501168
1954-03-01,2220.4179824561393,2052.952151864186,2113.551655695767,2234,2072.1531134198685,2174.3806753770696,1995.3322305771765,2188.910692110557,2341.879870903762,2095.490625008873
1954-04-01,2328.470614035087,2160.0225821277295,2215.0984522908193,2279,2207.037323127985,2286.803059071249,2001.410189007153,2397.59239757924,2468.879870903762,2220.260055756202
1954-05-01,2391.365350877192,2221.935116914464,2271.4550522151458,2423,2338.477102442518,2315.1422867203974,2025.8295593825644,2251.754149424397,2385.879870903762,2229.747029241817
1954-06-01,2545.8390350877185,2375.4265973734564,2419.358297574013,2290,2297.8724441673944,2499.836850700852,2374.542422154437,2605.205970226212,2679.879870903762,2403.4848889218447
1954-07-01,2936.049561403508,2764.65491723346,2802.96608310426,2903,2958.27067064612,2829.595004982435,2627.779619743739,2862.1593079036884,2791.879870903762,2782.8504104827207
1954-08-01,4040.8390350877185,3868.462178409106,3901.1205140690467,4485,3740.396714689177,3470.152845207705,3319.3369370155874,3981.396229431487,4146.879870903762,3181.627674082873
1954-09-01,3291.049561403508,3117.6905041295768,3144.6636957315295,3085,3279.89645704169,3673.9962981629214,3418.1437856164325,3287.061570222675,3690.879870903762,3543.7416010333613
1954-10-01,2821.9969298245605,2647.6556689363742,2668.911417565393,2852,2582.4410073049617,2987.9649928185554,2904.1767979361457,2942.9117598776284,2736.879870903762,2925.449631765323
1954-11-01,2642.4706140350872,2467.147146452244,2482.653153254849,2629,2509.598543759565,2676.099494107129,2474.5776673147566,2725.3903657133005,2757.879870903762,2509.204405592432
1954-12-01,2403.944298245613,2227.638623324945,2237.3625870104215,2435,2264.450886475257,2443.885240448425,1984.1048156271584,2468.03760941908,2532.879870903762,2269.028061638007
1955-01-01,2227.157894736841,2050.3611135941374,2082.3400370702666,2227,2020.9012830720944,2363.956025364919,2079.7625409426496,2317.5283871793417,2498.879870903762,2197.8456911867866
1955-02-01,2209.526315789473,2032.729540611831,2058.89411002412,1944,2125.119335749352,2325.677504838712,2309.4593554348,2340.9693424101124,2395.879870903762,2242.293992006795
1955-03-01,2346.2105263157882,2169.41375496833,2189.7639724516557,2125,2148.532777955488,2325.776825126617,2135.4948329210665,2142.592934682514,2042.879870903762,2146.6436761634777
1955-04-01,2454.2631578947357,2277.4663895219264,2292.002255931823,2260,2284.110207699748,2439.76092366238,2053.6021398003368,2276.4975961192904,2248.879870903762,2333.141816698596
1955-05-01,2517.157894736841,2340.3611285987135,2349.0826446751485,2299,2416.2753180383925,2506.5639892681565,2194.533541647301,2357.0249417504992,2482.879870903762,2348.568317836577
1955-06-01,2671.6315789473674,2494.834813347759,2497.7419807868946,2323,2376.4281017753465,2571.794534825656,2513.0078653093137,2347.4866481199406,2244.879870903762,2462.098353908816
1955-07-01,3061.842105263157,2885.0453374978147,2882.1381590039045,2659,3037.6158812541166,3131.217731142354,2858.777532026273,2907.7742384582943,3014.879870903762,3068.2640476795023
1955-08-01,4166.631578947367,3989.8348029635135,3981.1132845893353,3761,3820.5635892851847,3754.421975214944,3596.6142636985105,4038.965598575899,4319.879870903762,3346.353525896826
1955-09-01,3416.842105263157,3240.045332974037,3225.5094628063443,2779,3360.917106613677,3511.0659716520336,3270.817940896104,2743.660015664742,2439.879870903762,3348.297957181641
1955-10-01,2947.7894736842095,2770.992702070887,2750.6424831286167,2761,2664.347542840892,3020.8995821312537,2955.992263063413,2463.585475053731,2624.879870903762,2901.377466072254
1955-11-01,2768.2631578947357,2591.4663838768097,2565.3018192403624,2446,2592.4230762474062,2805.457684569845,2649.99914156366,2441.98325304631,2616.879870903762,2636.854447386736
1955-12-01,2529.7368421052624,2352.940065039563,2320.961155352108,2278,2348.2255269029765,2515.250351415169,2180.217970322128,2272.578167906351,2330.879870903762,2366.036667847175
1956-01-01,2352.95043859649,2176.6447595988075,2166.9208097020087,1879,2105.6581424276583,2304.385953692786,2085.446180718047,2063.447005838523,2148.879870903762,2126.9262017126266
1956-02-01,2335.318859649122,2159.9953909065543,2144.489388879798,1881,2210.890525020727,2077.8962221637603,1976.1891817682065,1821.3105596980467,1674.8798709037624,1980.9576588068733
1956-03-01,2472.0030701754376,2297.661809553106,2276.406059465153,2165,2235.3504081306405,2206.7536437518315,1994.10804225867,1944.7964647125275,2140.8798709037624,2047.1736318276687
1956-04-01,2580.055701754385,2406.696648396755,2379.723453037022,2199,2372.006389766645,2380.812380307344,2106.377869228993,2142.348317926136,2378.879870903762,2302.5857331819498
1956-05-01,2642.95043859649,2470.5735917635943,2437.9152538059298,2308,2505.2821629850023,2421.243424734733,2205.2601752994287,2292.6481602948625,2316.879870903762,2318.916294973102
1956-06-01,2797.424122807017,2626.029480802693,2587.7183038771423,2529,2466.577720589633,2532.0133472093944,2468.8947635057025,2228.112918046335,2410.879870903762,2444.1002793428606
1956-07-01,3187.634649122806,3017.222209242801,2973.2904979874993,2573,3128.940384924049,2957.7023409824974,2676.8065796388737,2774.352124124238,2943.879870903762,2902.437835279185
1956-08-01,4292.424122807017,4122.993878998552,4073.4739414001588,3946,3913.095088798727,3325.365659051212,3194.611334849896,4060.843442770123,3753.879870903762,3027.397170712928
1956-09-01,3542.634649122806,3374.1866132991286,3319.1107393782795,3200,3454.6877129587965,3400.25902344146,3172.7906981439955,2806.723760822857,3042.879870903762,3286.739134560082
1956-10-01,3073.582017543859,2906.116186686031,2845.5166813955466,2574,2759.389367005557,3125.928019588873,3033.89501325539,2876.90077444511,3260.879870903762,3022.839474353974
1956-11-01,2894.055701754385,2727.5720727820067,2661.481241136168,2422,2688.7682292195823,2644.655755118025,2503.401283348573,2486.6485372491134,2337.879870903762,2504.83598154324
1956-12-01,2655.5293859649114,2490.027958234812,2418.4781028106718,2446,2445.9061196706307,2365.256304560589,2027.033391591216,2227.893366873413,2332.879870903762,2187.356345659577
1957-01-01,2478.7429824561395,2314.71485708411,2265.807584657212,2828,2204.706285978757,2209.931919420917,1881.354759626648,2091.8702211722702,2125.879870903762,2047.0737683655727
1957-02-01,2461.1114035087708,2299.0476926819088,2244.7782932655236,2879,2311.338330343237,2396.6857138532428,2301.4501099156378,2407.069535848132,2908.879870903762,2395.013433966316
1957-03-01,2597.795614035087,2437.6963156185134,2378.1293952152832,2800,2337.229986212528,2644.43816991807,2517.3867007790623,2905.136984827648,3241.879870903762,2575.07259831326
1957-04-01,2705.848245614034,2547.713358752215,2482.9135220854387,2835,2475.349851595878,2707.216070106064,2407.4677118698464,2853.957148452494,2912.879870903762,2618.4568890835512
1957-05-01,2768.7429824561395,2612.5725064091066,2542.6043580865153,2585,2610.121619549545,2760.9019718165614,2331.1488408717573,2897.5513764678635,3022.879870903762,2633.520501977523
1957-06-01,2923.216666666666,2769.0105997382575,2693.9387453237778,2787,2572.9452828774542,2735.4346366755994,2553.726293306004,2817.8779052974987,2884.879870903762,2535.6287587390725
1957-07-01,3313.4271929824554,3161.1855324684184,3081.0745785340678,3334,3236.868163923114,3037.611242141993,2784.83823050782,3066.490056054574,2909.879870903762,2965.039082798281
1957-08-01,4418.216666666666,4267.939406514222,4182.853962980544,4746,4022.615195497005,3794.098203268124,3594.4743414554573,4598.273226424708,4785.879870903762,3499.6128829100207
1957-09-01,3668.4271929824554,3520.114345104851,3430.11900392636,3613,3565.8322583442514,3972.813147176359,3695.425000362426,3770.81687168409,4078.879870903762,3796.55675040164
1957-10-01,3199.374561403508,3053.0261227818064,2958.185490845206,3463,2872.190462066157,3317.438892245936,3104.1594428020508,3358.173752999255,3065.879870903762,3211.061630335608
1957-11-01,3019.8482456140346,2875.4642131678343,2775.8428974212898,3274,2803.257984943294,3089.131054134893,2763.3164974344168,3140.227955865856,3389.879870903762,2880.8933847085577
1957-12-01,2781.3219298245604,2638.902302910693,2534.5649078651363,2801,2562.116647045418,3011.8875882207326,2498.488121804309,3198.6634411760806,3376.879870903762,2831.207560395743
1958-01-01,2604.5355263157885,2464.5714060500427,2383.6518404149024,2488,2322.6696959925903,2950.376070793511,2682.184665145041,3015.647233898225,3261.879870903762,2735.3082134580086
1958-02-01,2586.90394736842,2449.8864459378947,2364.412301660321,2386,2431.086733984081,2812.294607818969,2780.978864987191,2715.9089328706305,2617.879870903762,2667.751056942063
1958-03-01,2723.588157894736,2589.5172731645516,2499.585458181071,2428,2458.79549446835,2806.096329152718,2555.691657498996,2707.301458926191,2385.879870903762,2617.697656540535
1958-04-01,2831.640789473683,2700.516520588306,2606.2239415560975,2678,2598.7645754546456,2840.7696325252227,2503.756962873569,2657.630920441685,2541.879870903762,2669.475915565232
1958-05-01,2894.5355263157885,2766.3578725352504,2667.8014359959284,2744,2735.417669999223,2854.965463949121,2527.8832693424542,2613.690048175185,2506.879870903762,2706.729908508926
1958-06-01,3049.009210526315,2923.7781701544536,2821.0547836058277,2772,2700.15477090601,3102.732968323073,2944.8505865977163,2952.827128616708,3024.879870903762,2932.481353308845
1958-07-01,3439.2197368421043,3316.9353071746673,3210.141879122635,3520,3366.0232005185144,3622.677665454789,3258.216596038329,3085.3079625306946,3397.879870903762,3466.3375461624514
1958-08-01,4544.009210526315,4424.671385510524,4313.904827809511,3833,4153.747891647216,4291.748214663574,4098.664710184715,4557.493740505441,5010.879870903762,3919.2679731403778
1958-09-01,3794.2197368421043,3677.828528391205,3563.1857349296106,3377,3698.97472503724,3953.5217687580607,3710.5755571031095,3274.4537088830184,2778.879870903762,3719.097227410688
1958-10-01,3325.167105263157,3211.7225103582127,3093.30038995662,3013,3007.3748102898903,3688.948744142144,3507.161887920877,2906.6835564745124,3305.879870903762,3450.550652643475
1958-11-01,3145.6407894736835,3035.1428050342934,2913.0382665747507,2871,2940.516325685738,3315.07043504879,3055.593679551275,2852.617668510902,2902.879870903762,3039.82933343063
1958-12-01,2907.1144736842098,2799.5630990672043,2673.873048994526,2592,2701.481091294541,2929.4748587667486,2577.1641112487323,2579.71740776787,2476.879870903762,2696.849838648496
1959-01-01,2730.3280701754375,2626.214406496607,2525.105055454102,2375,2464.1723547363576,2639.92197503972,2402.859972667651,2609.4389480750306,2357.879870903762,2478.245181381755
1959-02-01,2712.696491228069,2612.511650674511,2508.0428925432143,2304,2574.75971821046,2533.8365956968173,2388.60491033669,2358.9496750089147,2351.879870903762,2385.675848762949
1959-03-01,2849.380701754385,2753.1246821912214,2645.4257268415386,2464,2604.6709151653063,2602.3616225095884,2352.49964950318,2262.9825896095645,2424.879870903762,2465.3284128777623
1959-04-01,2957.4333333333325,2865.106133905028,2754.3061899280233,2557,2746.8745436101462,2799.825995698264,2466.8206899679453,2511.748669102958,2792.879870903762,2644.952049660633
1959-05-01,3020.3280701754375,2931.9296901420253,2818.1579660131924,2739,2885.7942966012347,2877.645528288407,2646.2065553087327,2421.8264626730206,2701.879870903762,2708.031591535183
1959-06-01,3174.801754385964,3090.332192051281,2973.717897202313,2714,2852.8301669424995,3102.640008328245,2880.7421907619105,2771.0584830533,2845.879870903762,2964.685438045562
1959-07-01,3565.0122807017533,3484.471533361547,3365.1438782322252,3102,3521.029476977448,3506.6764162288505,3255.594249208541,3294.38921096169,3540.879870903762,3276.185670757602
1959-08-01,4669.801754385964,4593.189815987456,4471.278014366085,3961,4311.11715951656,3706.876170473379,3458.2189078643114,4096.696249395776,3493.879870903762,3402.803312762282
1959-09-01,3920.0122807017538,3847.3291631581906,3722.9624108670528,3772,3858.739095304963,3787.628988835105,3527.336238637604,3243.8098446354616,3583.879870903762,3565.206399308398
1959-10-01,3450.9596491228062,3382.2053494152506,3255.5128572088133,3245,3169.5663939439573,3581.6387678457604,3372.565581026844,3226.7241118635084,3486.879870903762,3412.868739606799
1959-11-01,3271.4333333333325,3206.6078483813835,3077.7188270755746,3104,3105.1672337141167,3227.395157250613,3014.8175473422666,3136.503953173662,3181.879870903762,3027.76121954831
1959-12-01,3032.9070175438587,2972.0103467043473,2841.054004677863,2869,2868.623434685197,2933.325402428934,2559.521083950545,2693.5769136677945,2903.879870903762,2722.8841816437666
1960-01-01,2856.120614035087,2799.643858423803,2694.818708253837,2513,2633.8382444772583,2697.6958572936483,2363.3456763039912,2496.7203729793346,2730.879870903762,2520.8707945340616
1960-02-01,2838.4890350877185,2786.9233068917597,2680.3215443932277,2385,2746.9812652895707,2548.4546689282,2373.1935505133674,2474.9297271366595,2520.879870903762,2417.94372297269
1960-03-01,2975.1732456140344,2928.5185426985217,2820.301679675712,2756,2779.4802305705966,2607.3030895653046,2424.2455523403537,2536.353133182487,2623.879870903762,2453.2996475562336
1960-04-01,3083.2258771929814,3041.482198702381,2931.811745680239,2927,2924.3037383295787,2857.9722013731684,2513.087584711061,2860.1896413747427,2927.879870903762,2726.063118085275
1960-05-01,3146.120614035087,3109.287959229431,2998.3254266173335,2940,3065.87548162278,3038.7646082029964,2728.085148427969,3068.0907629429967,3187.879870903762,2889.513466488398
1960-06-01,3300.594298245613,3268.6726654287395,3156.57956459226,3180,3035.5954532541223,3115.183068841628,2911.3816513399847,2925.468997796253,2993.879870903762,2958.9488646311656
1960-07-01,3690.8048245614027,3663.7942110290583,3550.7320543418605,3791,3706.510975567117,3546.060511834049,3218.5266638483045,3659.8518246975273,3646.879870903762,3365.490621096857
1960-08-01,4795.594298245614,4773.49469794502,4659.625001129292,4093,4499.346981372239,4119.843438093832,3788.79274311484,4369.986949818151,4728.879870903762,3844.098378712573
1960-09-01,4045.8048245614027,4028.6162494058067,3914.1005102177137,4309,4049.74935141462,4083.878202258272,3865.236954941644,3852.532619190846,3982.879870903762,3829.923530886692
1960-10-01,3576.752192982455,3564.4746399529195,3449.4743710808075,3532,3363.3891952955573,3933.3221929268257,3694.0445929245984,3658.159265917131,3860.879870903762,3728.849546027761
1960-11-01,3397.225877192982,3389.8593432091056,3274.5360574027873,3408,3301.8346912956285,3524.977976853388,3220.361178805814,3519.8667358157945,3469.879870903762,3295.9448336940422
1960-12-01,3158.6995614035077,3156.2440458221217,3040.759253394176,2839,3068.167659484588,3208.640992209408,2825.75360907578,3169.970699326336,3251.879870903762,2963.3520817787285
1961-01-01,2981.913157894736,2984.85976183163,2897.4442772931297,2792,2836.2913474824923,2762.7238613661325,2452.4776234671185,2723.2670553641456,2561.879870903762,2573.129405459142
1961-02-01,2964.2815789473675,2973.121414589639,2885.899735689384,2798,2952.375357488616,2731.545908249516,2493.370557493727,2658.561616784177,2742.879870903762,2591.093534211346
1961-03-01,3100.9657894736833,3115.698854686454,3028.8647951626153,3007,2987.847422951418,2959.2364317798333,2734.8556813571176,3067.374063412337,3247.879870903762,2843.130836954516
1961-04-01,3209.0184210526304,3229.644714980366,3143.392087291769,3086,3135.6761418801466,3179.737601065584,2878.800497343449,3119.961552508722,3256.879870903762,3009.7716303920943
1961-05-01,3271.9131578947363,3298.432679797468,3212.955296287372,3201,3280.2852073310582,3300.236660985465,2992.0762468771445,3206.928432385176,3177.879870903762,3144.0752591153014
1961-06-01,3426.3868421052625,3458.7995902868297,3374.2912642546926,3428,3253.074612108079,3566.009828370396,3215.2836357002134,3341.1050136827344,3519.879870903762,3356.8468961457306
1961-07-01,3816.5973684210517,3854.9033401772003,3771.557885930567,3754,3927.091678554716,3973.129857955104,3688.541094880176,3821.3504618258376,4117.879870903762,3708.772821601055
1961-08-01,4921.386842105262,4965.586031383215,4883.597266578155,4917,4723.06133948145,4239.829185864329,3946.282650794941,4432.251998404896,4134.879870903762,3991.798514006225
1961-09-01,4171.597368421051,4221.689787134054,4141.251511460614,3760,4276.629475633408,4585.936468135064,4453.851740307061,4696.851113640492,5211.879870903762,4394.60083904724
1961-10-01,3702.5447368421046,3758.53038197122,3679.8364100516296,3609,3593.467196611891,3952.0928953912494,3714.8071606408566,3538.887514253568,3061.879870903762,3740.122952995367
1961-11-01,3523.018421052631,3584.8972895174584,3508.141436035411,3471,3535.1426806974728,3635.879728345848,3345.74395993647,3329.0632303282146,3563.879870903762,3325.9026856260225
1961-12-01,3284.492105263157,3352.264196420527,3277.640273622485,3347,3304.7377479599104,3250.9255699170026,2780.9960592631146,3106.1618820762087,2980.879870903762,3036.5063377801016
1962-01-01,3107.7057017543852,3181.8621167200877,3137.6332410510067,3333,3076.155646019259,3150.2085004385617,2865.1066596994497,3041.887684798929,3378.879870903762,2967.9269650520264
1962-02-01,3090.0741228070165,3171.10597376815,3129.428944910709,3456,3195.565977074794,3189.1231988231925,3061.349825576978,3157.8059292859944,3417.879870903762,3107.462022540312
1962-03-01,3226.7583333333323,3314.6656181550175,3275.7665517812693,3569,3234.396474574975,3417.444311696019,3132.463563890148,3508.9694468199123,3743.879870903762,3248.0442052860226
1962-04-01,3334.81096491228,3429.593682738982,3393.6986932416376,3900,3385.615736529046,3571.028695200808,3167.294367828844,3671.23792239352,3726.879870903762,3413.403572510711
1962-05-01,3397.705701754385,3499.3638518461366,3466.699053502337,3909,3533.647455993267,3773.1212521204016,3361.875542542542,3822.944608566954,4093.879870903762,3579.587918064113
1962-06-01,3552.1793859649115,3660.7129666255505,3631.5044746686335,4098,3509.891625771568,3947.491755739719,3726.474549887262,4067.827294895929,4214.879870903762,3729.9479471708073
1962-07-01,3942.389912280701,4057.798920805975,4032.272851477367,4826,4187.395568207449,4326.364190243392,3960.793235860652,4693.263911084071,4502.879870903762,4190.679133319477
1962-08-01,5047.1793859649115,5169.463816302042,5147.846289191697,5770,4986.884216111395,4774.017682144118,4676.398067559203,5366.609942883282,6067.879870903762,4584.58652360017
1962-09-01,4297.389912280701,4426.549776342934,4409.06689307478,5108,4544.003450228531,4692.028769418816,4471.436774960836,5154.450021952176,4691.879870903762,4646.686044884552
1962-10-01,3828.3372807017536,3964.3725754701513,3951.250452600302,4360,3864.424380160157,4465.679336300494,4267.662926736659,4721.733864279409,5035.879870903762,4363.907685158371
1962-11-01,3648.81096491228,3791.7216873064426,3783.18644145247,4100,3809.7151841868495,4050.528367554913,3724.2536269301418,4350.547876672563,4300.879870903762,3830.7524614136446
1962-12-01,3410.2846491228065,3560.0707984995643,3556.3485438418147,3562,3582.957682378365,3776.160392683065,3295.7980352996938,3874.633435680257,4054.879870903762,3556.059449642747
1963-01-01,3233.498245614034,3390.650923089177,3420.0370780064877,3284,3358.0551223547577,3497.242240612324,3197.3727275326246,3743.420805368858,3626.879870903762,3348.9490777077203
1963-02-01,3215.866666666666,3380.8769844272915,3415.5606505362257,3278,3481.177106315304,3434.0444897388084,3390.285084324448,3596.469915140806,3485.879870903762,3345.378420106367
1963-03-01,3352.5508771929817,3525.418833104212,3565.6584280107027,3424,3523.751367708463,3616.794154493363,3424.971431408958,3698.887484754231,3469.879870903762,3518.3715252360576
1963-04-01,3460.6035087719292,3641.329101978229,3687.383042008868,3843,3678.746504543478,3909.351561667385,3568.996456418914,3788.856457269442,3833.879870903762,3748.049667541885
1963-05-01,3523.498245614034,3712.0814753754366,3764.20817674125,3614,3830.586209876613,4134.267253249101,3805.8942823201496,3874.866653108444,3930.879870903762,3962.9583659423406
1963-06-01,3677.9719298245604,3874.412794444903,3932.870674313108,3536,3810.670476511789,4280.379008414775,4077.938348795726,3987.5054007648,3881.879870903762,4086.6717255338913
1963-07-01,4068.18245614035,4272.480952915379,4337.5284294612875,4505,4492.046626792515,4635.688987725589,4441.08783506796,4170.540755705464,4342.879870903762,4465.3348811063
1963-08-01,5172.971929824561,5385.128052701499,5457.023547448944,5456,5295.439593529271,5029.833476791291,5077.798406346684,5438.841554397917,5527.879870903762,4979.745492161825
1963-09-01,4423.18245614035,4643.196217032444,4722.198133539236,4881,4856.495257467186,5033.501498483392,5165.089962633467,4534.1230016725785,4872.879870903762,5093.772174200333
1963-10-01,3954.1298245614025,4182.001220449714,4268.367977205847,4041,4180.884728207557,4725.717307107856,4723.6698718282605,4224.892197721685,4211.879870903762,4659.5063985960205
1963-11-01,3774.6035087719292,4010.332536576058,4104.32255213299,3724,4130.176184030959,4254.451439265738,3993.099086810966,3900.4483555806783,3859.879870903762,3964.845991977776
1963-12-01,3536.077192982455,3779.663852059232,3881.53554253119,3525,3907.451445007152,3747.763478742794,3230.57094748332,3341.972107779065,3264.879870903762,3448.729787605063
1964-01-01,3359.290789473683,3611.2261809388974,3749.3072666385997,3437,3686.613758756189,3445.408876801296,3102.4294368314854,3258.504439803579,3325.879870903762,3256.8824576435527
1964-02-01,3341.659210526315,3602.4344465670647,3748.9463310449582,3324,3813.832727477348,3426.44912419546,3393.0209120101085,3389.293976885231,3509.879870903762,3327.537625989434
1964-03-01,3478.343421052631,3747.958499534038,3903.191902329937,3977,3860.536084619083,3619.637497236586,3453.2309478087363,3465.329305208072,3548.879870903762,3523.655198206963
1964-04-01,3586.396052631578,3864.8509726981074,4029.096612072485,4025,4019.692428190644,4089.938932468348,3679.484792665629,4055.996800949575,4474.879870903762,3909.65366774764
1964-05-01,3649.290789473683,3936.5855503853672,4110.134144483133,4016,4175.725451248289,4043.5879997729166,3666.47753537826,3891.072855744736,3874.879870903762,3854.79777179647
1964-06-01,3803.76447368421,4099.899073744887,4283.04134166714,4031,4160.035146595941,4151.863201701112,3895.960550469228,4003.433157882055,4016.879870903762,3987.659793705073
1964-07-01,4193.9749999999985,4498.949436505416,4691.97609836135,4489,4845.668836577112,4635.08117740761,4411.26450257493,4889.017150948133,5078.879870903762,4500.098908597114
1964-08-01,5298.76447368421,5612.578740581588,5815.780519828918,5563,5653.351454002281,4941.426806309752,4905.747304451991,5610.526096567959,5518.879870903762,4831.969792062977
1964-09-01,4548.9749999999985,4871.629109202585,5085.296711333004,5709,5218.728879616572,4961.184636410441,5001.213807381168,4993.839208255449,5066.879870903762,4973.076244078181
1964-10-01,4079.9223684210515,4411.416316909908,4635.840462347293,4620,4547.472223021287,4791.198087556562,4733.771633440831,4611.948816204971,4947.879870903762,4795.059435630624
1964-11-01,3900.396052631578,4240.729837326305,4476.201246555993,4160,4501.149662497002,4333.236376682881,4105.056571611394,4419.473631015171,4381.879870903762,4173.178163351557
1964-12-01,3661.8697368421044,4011.043357099531,4257.852748169634,4012,4282.84301811347,3933.293421418427,3451.210790092725,3886.592226805537,4039.879870903762,3698.244436820404
1965-01-01,3485.0833333333326,3843.5878902692493,4130.095285426367,3987,4066.4555374907536,3703.2011525602406,3306.0440019067964,3701.173794999824,4002.879870903762,3503.6717547312574
1965-02-01,3467.451754385964,3835.7783601874694,4134.237464915928,4155,4198.156822828121,3725.436017216542,3566.823333302338,3895.155507517573,3952.879870903762,3687.841376482839
1965-03-01,3604.1359649122796,3982.2846174444944,4293.018453217997,4054,4249.374607574035,4143.036879109929,4103.119306150609,4460.723871879491,4886.879870903762,4083.3690744875694
1965-04-01,3712.188596491227,4100.159294898617,4423.490881911514,4485,4413.07748973774,4231.581876654223,3969.815875761789,4488.057238938567,4180.879870903762,4123.016037150326
1965-05-01,3775.0833333333326,4172.87607687593,4509.128435207012,4558,4573.689162375496,4396.050911498625,3996.955048022373,4394.346898340462,4554.879870903762,4269.299039163984
1965-06-01,3929.5570175438593,4337.171804525502,4686.667955209753,4462,4562.609618291228,4488.516014033371,4215.908073701311,4428.269716313418,4651.879870903762,4371.173009674117
1965-07-01,4319.767543859648,4737.204371576083,5100.267336656577,4594,5252.8861798284415,4743.348048292252,4658.380254184143,5159.303705223094,4998.879870903762,4704.297279569794
1965-08-01,5424.557017543859,5851.815879942307,6228.768684810644,6481,6065.243779797622,5058.293716551853,5156.523691149205,5971.379865484803,5746.879870903762,5130.221316558292
1965-09-01,4674.767543859648,5111.848452853357,5503.0141049351105,6345,5635.32829894389,5309.064625131423,5713.931594147023,5942.584694352912,6705.879870903762,5717.883828636972
1965-10-01,4205.7149122807,4652.617864850734,5058.319386503661,5142,4968.81084686855,5125.528767615356,5328.450608471596,5245.124647457478,5334.879870903762,5423.284305219397
1965-11-01,4026.1885964912276,4482.913589557182,4903.474003200505,4824,4927.259601852175,4690.961191824304,4655.075884422143,4800.60449984801,4760.879870903762,4647.182788301177
1965-12-01,3787.662280701754,4254.209313620462,4689.951639236172,4573,4713.756383964523,4420.5499587914455,4012.6235313690167,4601.677349065785,4754.879870903762,4254.554356052417
1966-01-01,3610.8758771929815,4087.736051080232,4567.052612848814,4158,4502.204440825646,4244.418913978327,3774.3753193810817,4564.127198606559,4626.879870903762,4105.415698641057
1966-02-01,3593.2442982456128,4080.908725288505,4576.085530628166,4140,4638.773374634828,4071.904471084595,4102.138030584862,4314.902644845188,4404.879870903762,4037.572679783636
1966-03-01,3729.928508771929,4228.397186835583,4739.7895591539045,4251,4694.89091884052,4137.355734254575,4177.677095749587,4516.756323819856,4117.879870903762,4152.430011346492
1966-04-01,3837.9811403508766,4347.254068579758,4875.217330004977,4734,4863.525671451969,4478.250306770519,4265.412112633347,4689.039323689931,4760.879870903762,4454.966636554492
1966-05-01,3900.8758771929815,4420.953054847123,4965.842527391913,4858,5029.101325525435,4673.537972806118,4364.195843247622,4737.3196016462025,4885.879870903762,4664.710772084055
1966-06-01,4055.3495614035082,4586.230986786748,5148.401993419971,4798,5023.017873864843,4710.054854738728,4662.529476126006,4728.008763301079,4840.879870903762,4677.954043816208
1966-07-01,4445.560087719297,4987.245758127382,5567.053622825997,5080,5718.322638813703,4959.920933877018,4946.68547398892,5127.123344642403,5008.879870903762,5127.267153604232
1966-08-01,5550.349561403507,6102.839470783659,6700.6395208731465,6905,6535.740553182493,5341.994597546807,5830.317963840284,6526.318903698091,7045.879870903762,5782.484168891568
1966-09-01,4800.560087719297,5363.854247984761,5980.001792824578,5504,6110.91749771634,5454.659626901843,6274.1226334408175,6673.277211892168,6847.879870903762,6221.200136718195
1966-10-01,4331.50745614035,4905.60586427219,5540.456228153974,5457,5449.524582016544,5122.699352745911,5436.2870771807175,4949.217420705092,4379.879870903762,5371.657634698189
1966-11-01,4151.981140350877,4736.883793268691,5390.7923005455505,5198,5413.129984363679,4948.512770941044,5011.978137481156,4777.102185386804,5217.879870903762,4991.264759016238
1966-12-01,3913.4548245614023,4509.161721622024,5182.483694209827,4890,5204.815524827505,4729.919052628777,4402.164795424452,4907.60242833056,5025.879870903762,4664.267287559903
